epoch,time,train/box_loss,train/cls_loss,train/dfl_loss,metrics/precision(B),metrics/recall(B),metrics/mAP50(B),metrics/mAP50-95(B),val/box_loss,val/cls_loss,val/dfl_loss,lr/pg0,lr/pg1,lr/pg2
1,3.44852,1.07914,3.0714,1.42696,0.00334,1,0.32116,0.10923,0.64586,2.96937,1.25507,1.667e-05,1.667e-05,1.667e-05
2,4.35751,1.17576,3.20915,1.61198,0.00334,1,0.30696,0.13867,0.65546,2.97143,1.25857,4.90198e-05,4.90198e-05,4.90198e-05
3,5.17708,1.32308,3.10395,1.54722,0.00334,1,0.40504,0.18139,0.56615,2.97434,1.24943,8.00493e-05,8.00493e-05,8.00493e-05
4,6.13419,1.32725,3.10157,1.49924,0.00333,1,0.47448,0.29506,0.51731,2.96321,1.19702,0.000109759,0.000109759,0.000109759
5,7.24458,0.76571,2.96408,1.33165,0.00343,1,0.51497,0.3874,0.48192,2.95197,1.19642,0.000138148,0.000138148,0.000138148
6,8.0606,0.80455,2.71718,1.26291,0.00359,1,0.58669,0.48956,0.46013,2.87935,1.10612,0.000165216,0.000165216,0.000165216
7,9.22002,0.95903,2.92517,1.56872,0.00383,1,0.60182,0.51799,0.47482,2.77907,1.10574,0.000190965,0.000190965,0.000190965
8,10.3751,0.97548,2.27967,1.4041,0.00422,1,0.63834,0.49347,0.49467,2.72113,1.1732,0.000215393,0.000215393,0.000215393
9,11.5516,0.87611,2.02686,1.31329,0.00454,1,0.65708,0.51584,0.52051,2.70595,1.1813,0.000238501,0.000238501,0.000238501
10,12.6383,0.82686,2.02581,1.29022,0.00436,1,0.65999,0.47879,0.55049,2.68274,1.22668,0.000260289,0.000260289,0.000260289
11,13.4766,0.78764,1.9642,1.31466,0.00418,1,0.65353,0.49394,0.55111,2.63767,1.20804,0.000280756,0.000280756,0.000280756
12,14.2506,0.70472,1.94286,1.26432,0.00411,1,0.69051,0.52262,0.56672,2.58442,1.19286,0.000299903,0.000299903,0.000299903
13,15.0703,0.83545,1.88708,1.35438,0.00409,1,0.71067,0.56357,0.6042,2.51677,1.16954,0.00031773,0.00031773,0.00031773
14,15.8577,0.85571,1.73669,1.30266,0.00392,1,0.73269,0.58504,0.62729,2.46103,1.18325,0.000334237,0.000334237,0.000334237
15,16.8436,0.63304,1.65133,1.12849,0.83267,0.25,0.63155,0.50184,0.66491,2.3782,1.21923,0.000349423,0.000349423,0.000349423
16,17.6397,0.68543,1.56973,1.17579,0.80452,0.29953,0.63765,0.50576,0.63027,2.35394,1.21436,0.000363289,0.000363289,0.000363289
17,18.4099,0.72376,1.41393,1.15086,0.83364,0.46747,0.74641,0.57055,0.58327,2.2964,1.20628,0.000375835,0.000375835,0.000375835
18,19.1949,0.81733,1.39472,1.30705,0.89838,0.19676,0.84983,0.67556,0.61089,2.16068,1.3042,0.000387061,0.000387061,0.000387061
19,20.0417,0.89933,1.37178,1.30164,0.94958,0.44619,0.87704,0.70408,0.62666,2.02213,1.38394,0.000396966,0.000396966,0.000396966
20,20.8359,0.92581,2.02152,1.55706,0.78003,0.45,0.95903,0.76064,0.67682,1.92242,1.47435,0.000405551,0.000405551,0.000405551
21,21.6545,0.78662,1.72584,1.3168,0.98741,0.45,0.94771,0.74438,0.70154,1.93796,1.52408,0.000412816,0.000412816,0.000412816
22,22.6122,0.77832,1.79798,1.2682,0.9938,0.45,0.97945,0.69119,0.75511,1.92897,1.67038,0.00041876,0.00041876,0.00041876
23,23.7877,0.89228,1.76625,1.46866,0.78852,0.5,0.93471,0.61305,0.79173,1.9396,1.56135,0.000423385,0.000423385,0.000423385
24,25.0182,0.70232,1.2806,1.19804,0.81084,0.62222,0.83434,0.54936,0.76985,2.02782,1.40686,0.000426689,0.000426689,0.000426689
25,26.1455,0.85468,1.49983,1.28586,0.7809,0.61313,0.76505,0.56631,0.64008,2.01339,1.22267,0.000428672,0.000428672,0.000428672
26,26.9259,0.84424,1.35737,1.26613,0.63031,0.42222,0.72585,0.55149,0.68172,1.96975,1.26151,0.000429336,0.000429336,0.000429336
27,27.7193,0.77617,1.48916,1.24002,0.98684,0.61243,0.90863,0.73456,0.67337,1.91174,1.26694,0.000428679,0.000428679,0.000428679
28,28.5209,0.82795,1.43392,1.29864,0.98684,0.61243,0.90863,0.73456,0.67337,1.91174,1.26694,0.000426702,0.000426702,0.000426702
29,29.3353,0.81506,1.785,1.33239,0.9055,0.8,0.97682,0.7852,0.62614,1.81907,1.21266,0.000423405,0.000423405,0.000423405
30,30.1617,0.79511,1.38795,1.28232,0.89457,1,0.96167,0.7348,0.59348,1.75066,1.15916,0.000418787,0.000418787,0.000418787
31,30.9692,0.86096,1.41875,1.23361,0.89457,1,0.96167,0.7348,0.59348,1.75066,1.15916,0.000412849,0.000412849,0.000412849
32,31.7709,0.69025,1.56503,1.25713,0.79991,0.94516,0.93508,0.6993,0.58649,1.70323,1.15996,0.000405591,0.000405591,0.000405591
33,32.5605,0.77814,1.44834,1.32019,0.68394,0.93471,0.93585,0.74928,0.59241,1.65365,1.14581,0.000397013,0.000397013,0.000397013
34,33.3168,0.77413,1.47728,1.26687,0.68394,0.93471,0.93585,0.74928,0.59241,1.65365,1.14581,0.000387114,0.000387114,0.000387114
35,34.0891,0.77284,1.31935,1.18718,0.65858,0.9694,0.91311,0.79017,0.56126,1.6462,1.1177,0.000375895,0.000375895,0.000375895
36,34.908,0.65324,1.04108,1.08731,0.66355,0.98136,0.91029,0.76126,0.58191,1.58499,1.14134,0.000363356,0.000363356,0.000363356
37,35.7968,0.66332,1.16246,1.13758,0.66355,0.98136,0.91029,0.76126,0.58191,1.58499,1.14134,0.000349497,0.000349497,0.000349497
38,37.0115,0.72444,1.20475,1.23576,0.68397,1,0.96637,0.83021,0.60259,1.38676,1.16798,0.000334317,0.000334317,0.000334317
39,38.1977,0.55976,1.03503,1.06101,0.96246,0.78731,0.995,0.85332,0.62143,1.20868,1.2097,0.000317817,0.000317817,0.000317817
40,39.2631,0.83148,1.22243,1.25807,0.96246,0.78731,0.995,0.85332,0.62143,1.20868,1.2097,0.000299997,0.000299997,0.000299997
41,41.0679,0.4591,1.94467,1.05685,0.92012,1,0.995,0.80349,0.7,1.19146,1.31307,0.000280856,0.000280856,0.000280856
42,42.3904,0.44438,1.47169,1.03797,0.9299,0.99687,0.98591,0.77368,0.7733,1.42006,1.41308,0.000260395,0.000260395,0.000260395
43,43.1255,0.63696,1.73824,1.22238,0.9299,0.99687,0.98591,0.77368,0.7733,1.42006,1.41308,0.000238614,0.000238614,0.000238614
44,43.8941,0.47847,1.57626,1.15104,0.95663,0.95,0.99045,0.75329,0.81139,1.71136,1.44553,0.000215513,0.000215513,0.000215513
45,44.6554,0.72616,1.67161,1.36317,0.95663,0.95,0.99045,0.75329,0.81139,1.71136,1.44553,0.000191092,0.000191092,0.000191092
46,45.7326,0.6048,1.55682,1.27224,0.96286,1,0.995,0.68681,0.84837,1.81388,1.45046,0.00016535,0.00016535,0.00016535
47,46.5081,0.39441,1.55884,1.09546,0.96286,1,0.995,0.68681,0.84837,1.81388,1.45046,0.000138288,0.000138288,0.000138288
48,47.2657,0.51879,1.56637,1.16323,0.9653,1,0.995,0.69004,0.83226,1.72439,1.40807,0.000109905,0.000109905,0.000109905
49,48.0756,0.43159,1.49603,0.95814,0.9653,1,0.995,0.69004,0.83226,1.72439,1.40807,8.02027e-05,8.02027e-05,8.02027e-05
50,48.9754,0.56691,1.81426,1.09,0.96148,1,0.995,0.70577,0.82763,1.60256,1.39077,4.91798e-05,4.91798e-05,4.91798e-05
